pond,month,year,transp
2301,5,2005,30
2301,7,2005,17
2301,5,2006,40
2301,5,2007,80
2301,7,2008,50
2301,7,2009,30
2301,5,2011,151
2301,7,2011,40
2301,5,2012,40
2301,7,2012,37
2301,5,2013,90
2301,7,2013,40
2301,5,2015,100
2301,7,2015,25
2301,7,2016,35
2302,5,2005,25
2302,7,2005,15
2302,5,2006,150
2302,5,2007,100
2302,7,2008,40
2302,5,2009,60
2302,7,2009,40
2302,5,2011,80
2302,7,2011,60
2302,5,2012,80
2302,7,2012,48
2302,5,2014,70
2302,7,2014,50
2302,7,2015,50
2302,7,2016,20
2303,7,2005,30
2303,5,2007,80
2303,7,2008,30
2303,5,2009,30
2303,7,2009,5
2303,5,2011,20
2303,7,2011,10
2303,5,2012,85
2303,7,2012,30
2303,5,2013,100
2303,7,2013,20
2303,5,2014,30
2303,7,2014,20
2303,5,2015,50
2303,7,2015,20
2303,5,2016,95
2303,7,2016,70
2304,5,2005,25
2304,7,2005,20
2304,5,2006,45
2304,5,2007,50
2304,7,2008,25
2304,5,2009,20
2304,7,2009,20
2304,5,2011,80
2304,7,2011,10
2304,5,2012,45
2304,7,2012,22
2304,5,2013,35
2304,7,2013,15
2304,7,2014,30
2304,5,2015,50
2304,7,2015,15
2304,5,2016,90
2304,7,2016,40
2305,5,2005,120
2305,7,2005,30
2305,5,2006,150
2305,5,2007,80
2305,7,2008,35
2305,5,2009,40
2305,7,2009,30
2305,5,2011,20
2305,7,2011,10
2305,5,2012,50
2305,7,2012,20
2305,5,2013,18
2305,7,2013,25
2305,5,2014,40
2305,7,2014,30
2305,5,2015,50
2305,7,2015,15
2305,5,2016,120
2305,7,2016,25
2306,5,2005,70
2306,7,2005,30
2306,5,2006,150
2306,5,2007,80
2306,7,2009,10
2306,5,2011,60
2306,7,2011,60
2306,5,2012,60
2306,7,2012,25
2306,5,2013,40
2306,7,2013,25
2306,7,2014,15
2306,5,2015,50
2306,7,2015,5
2306,7,2016,10
2307,5,2005,100
2307,7,2005,30
2307,5,2006,150
2307,5,2007,80
2307,5,2009,70
2307,7,2009,60
2307,5,2011,151
2307,7,2011,10
2307,5,2012,50
2307,7,2012,20
2307,5,2013,45
2307,7,2013,35
2307,7,2014,20
2307,5,2015,50
2307,7,2015,10
2307,5,2016,45
2307,7,2016,50
2308,5,2005,80
2308,7,2005,30
2308,5,2006,35
2308,5,2007,20
2308,7,2008,50
2308,5,2009,35
2308,7,2009,10
2308,5,2011,40
2308,7,2011,10
2308,5,2012,35
2308,7,2012,15
2308,5,2013,18
2308,7,2013,10
2308,7,2014,10
2308,5,2015,60
2308,7,2015,30
2308,5,2016,22
2308,7,2016,35
2309,5,2005,40
2309,7,2005,25
2309,5,2006,150
2309,5,2007,80
2309,7,2008,20
2309,5,2009,30
2309,7,2009,10
2309,5,2011,30
2309,7,2011,10
2309,5,2012,40
2309,7,2012,8
2309,5,2013,80
2309,7,2013,20
2309,7,2014,10
2309,5,2015,100
2309,7,2015,15
2309,7,2016,40
2314,7,2005,10
2314,5,2007,25
2314,7,2008,5
2314,5,2009,10
2314,7,2009,15
2314,5,2011,20
2314,7,2011,10
2314,5,2012,67
2314,7,2012,60
2314,5,2013,65
2314,7,2013,8
2314,5,2014,55
2314,7,2014,10
2314,5,2015,20
2314,7,2015,15
2314,5,2016,20
2314,7,2016,15
2315,7,2005,20
2315,5,2007,60
2315,7,2008,5
2315,5,2009,25
2315,7,2009,10
2315,5,2011,15
2315,7,2011,10
2315,5,2012,35
2315,7,2012,28
2315,5,2013,22
2315,7,2013,15
2315,5,2014,20
2315,7,2014,10
2315,5,2015,30
2315,7,2015,10
2315,5,2016,20
2315,7,2016,15
2319,7,2005,20
2319,5,2007,20
2319,7,2008,20
2319,5,2009,20
2319,7,2009,15
2319,5,2011,20
2319,7,2011,10
2319,5,2012,25
2319,7,2012,20
2319,5,2013,20
2319,7,2013,20
2319,5,2015,25
2319,7,2015,15
2319,5,2016,37
2319,7,2016,20
2320,7,2005,20
2320,5,2007,65
2320,5,2009,45
2320,7,2009,7
2320,5,2011,40
2320,7,2011,20
2320,5,2012,60
2320,7,2012,30
2320,5,2013,20
2320,7,2013,40
2320,5,2014,40
2320,7,2014,10
2320,5,2015,40
2320,7,2015,15
2320,5,2016,37
2320,7,2016,15
2321,7,2005,20
2321,5,2007,32
2321,5,2009,25
2321,7,2009,15
2321,5,2011,10
2321,7,2011,10
2321,5,2012,10
2321,7,2012,15
2321,5,2013,6
2321,7,2013,10
2321,5,2014,20
2321,7,2014,15
2321,5,2015,20
2321,7,2015,15
2321,5,2016,36
2321,7,2016,25
2322,7,2005,20
2322,5,2007,20
2322,7,2008,20
2322,5,2009,25
2322,7,2009,15
2322,5,2011,20
2322,7,2011,10
2322,5,2012,45
2322,7,2012,35
2322,5,2013,10
2322,7,2013,30
2322,5,2014,40
2322,7,2014,15
2322,5,2015,30
2322,7,2015,20
2322,5,2016,25
2322,7,2016,35
2323,7,2005,40
2323,5,2007,22
2323,7,2008,30
2323,5,2009,220
2323,5,2011,40
2323,7,2011,80
2323,5,2012,18
2323,7,2012,30
2323,5,2013,70
2323,7,2013,65
2323,5,2014,25
2323,7,2014,20
2323,5,2015,35
2323,7,2015,20
2323,5,2016,33
2323,7,2016,15
2324,7,2005,15
2324,5,2007,30
2324,7,2008,15
2324,7,2009,5
2324,5,2011,20
2324,7,2011,15
2324,5,2012,20
2324,7,2012,15
2324,5,2013,19
2324,7,2013,88
2324,5,2014,40
2324,7,2014,20
2324,5,2015,35
2324,7,2015,25
2324,5,2016,30
2324,7,2016,30
2339,7,2005,70
2339,5,2007,60
2339,5,2009,50
2339,7,2009,20
2339,5,2016,40
2339,7,2016,50
2901,5,2005,60
2901,7,2005,50
2901,5,2006,30
2901,7,2006,25
2901,5,2007,40
2901,7,2007,20
2901,7,2008,25
2901,5,2009,40
2901,7,2009,15
2901,7,2010,22
2901,5,2011,90
2901,7,2011,20
2901,5,2012,40
2901,7,2012,22
2901,5,2013,75
2901,7,2013,27
2901,5,2014,15
2901,7,2014,20
2901,5,2015,50
2901,7,2015,25
2901,5,2016,35
2901,7,2016,25
2902,5,2005,50
2902,7,2005,40
2902,5,2006,30
2902,7,2006,20
2902,5,2007,60
2902,7,2007,18
2902,7,2008,35
2902,5,2009,70
2902,7,2009,10
2902,7,2010,25
2902,5,2011,90
2902,7,2011,60
2902,5,2012,30
2902,7,2012,25
2902,5,2013,75
2902,7,2013,25
2902,5,2014,25
2902,7,2014,20
2902,5,2015,50
2902,7,2015,20
2902,5,2016,63
2902,7,2016,20
2903,5,2005,30
2903,7,2005,20
2903,5,2007,20
2903,5,2008,80
2903,7,2008,60
2903,5,2009,50
2903,7,2009,30
2903,5,2011,30
2903,7,2011,25
2903,5,2012,55
2903,7,2012,40
2903,5,2013,22
2903,7,2013,20
2903,5,2015,40
2903,7,2015,30
2903,5,2016,42
2903,7,2016,25
2904,5,2005,65
2904,5,2006,25
2904,5,2007,60
2904,7,2007,17
2904,7,2008,50
2904,5,2009,120
2904,7,2009,35
2904,7,2010,35
2904,5,2011,75
2904,7,2011,120
2904,5,2012,65
2904,7,2012,20
2904,5,2013,55
2904,7,2013,18
2904,5,2015,40
2904,7,2015,55
2904,5,2016,43
2904,7,2016,35
2905,5,2005,80
2905,7,2005,20
2905,5,2006,30
2905,5,2007,20
2905,7,2007,20
2905,5,2008,40
2905,7,2008,10
2905,5,2009,90
2905,7,2009,20
2905,7,2010,30
2905,5,2011,40
2905,7,2011,25
2905,5,2012,35
2905,7,2012,15
2905,5,2013,25
2905,7,2013,15
2905,5,2015,40
2905,7,2015,20
2905,5,2016,33
2905,7,2016,20
2906,5,2005,30
2906,5,2006,60
2906,7,2006,50
2906,5,2007,100
2906,7,2007,20
2906,5,2008,100
2906,7,2008,80
2906,5,2009,40
2906,7,2010,130
2906,5,2011,30
2906,7,2011,20
2906,5,2012,30
2906,7,2012,15
2906,5,2013,55
2906,7,2013,30
2906,5,2014,45
2906,7,2014,30
2906,5,2015,40
2906,7,2015,20
2906,5,2016,150
2907,5,2005,80
2907,7,2005,30
2907,5,2006,80
2907,5,2008,120
2907,7,2008,60
2907,5,2009,150
2907,7,2010,37
2907,5,2011,151
2907,7,2011,151
2907,5,2012,55
2907,7,2012,55
2907,5,2013,55
2907,7,2013,65
2907,5,2014,80
2907,7,2014,20
2907,5,2016,150
2907,7,2016,80
2908,5,2005,120
2908,7,2005,50
2908,5,2006,15
2908,5,2007,30
2908,7,2007,30
2908,5,2008,30
2908,7,2008,20
2908,5,2009,150
2908,7,2009,25
2908,5,2011,20
2908,7,2011,8
2908,5,2012,10
2908,7,2012,8
2908,5,2013,15
2908,7,2013,15
2908,5,2014,40
2908,7,2014,10
2908,5,2015,15
2908,7,2015,5
2908,5,2016,50
2908,7,2016,70
2910,7,2005,20
2910,5,2006,90
2910,7,2006,25
2910,5,2007,20
2910,7,2007,10
2910,5,2008,75
2910,7,2008,12
2910,5,2009,18
2910,7,2010,55
2910,5,2011,15
2910,7,2011,20
2910,5,2012,80
2910,7,2012,21
2910,5,2013,10
2910,7,2013,15
2910,5,2014,30
2910,7,2014,28
2910,5,2015,15
2910,7,2015,15
2911,5,2006,40
2911,7,2006,40
2911,5,2007,80
2911,7,2007,10
2911,5,2008,110
2911,7,2008,25
2911,5,2009,45
2911,7,2010,150
2911,5,2011,151
2911,7,2011,40
2911,5,2012,25
2911,7,2012,18
2911,5,2013,55
2911,7,2013,20
2911,5,2014,40
2911,7,2014,15
2911,5,2015,90
2911,7,2015,15
2912,5,2005,80
2912,7,2005,30
2912,5,2006,80
2912,5,2007,60
2912,7,2007,10
2912,5,2008,30
2912,7,2008,20
2912,5,2009,25
2912,7,2009,20
2912,7,2010,28
2912,5,2011,70
2912,7,2011,20
2912,5,2012,30
2912,7,2012,20
2912,5,2013,60
2912,7,2013,35
2912,5,2015,50
2912,7,2015,35
2912,5,2016,38
2912,7,2016,15
2913,7,2005,25
2913,7,2007,15
2913,5,2008,30
2913,7,2008,10
2913,5,2009,70
2913,7,2009,10
2913,7,2010,22
2913,5,2011,30
2913,7,2011,15
2913,5,2012,40
2913,7,2012,13
2913,5,2013,45
2913,7,2013,30
2913,5,2015,40
2913,7,2015,10
2913,5,2016,32
2913,7,2016,10
2914,5,2006,15
2914,5,2007,20
2914,7,2007,5
2914,5,2008,30
2914,7,2008,17
2914,5,2009,18
2914,7,2009,10
2914,7,2010,10
2914,5,2011,20
2914,7,2011,15
2914,5,2012,15
2914,7,2012,10
2914,5,2015,15
2914,7,2015,5
2914,5,2016,34
2914,7,2016,5
2915,5,2005,45
2915,5,2006,25
2915,5,2007,40
2915,7,2007,17
2915,5,2008,150
2915,7,2008,35
2915,7,2009,30
2915,7,2010,80
2915,5,2011,151
2915,7,2011,20
2915,5,2012,100
2915,7,2012,23
2915,5,2013,105
2915,7,2013,60
2915,5,2014,70
2915,7,2014,55
2915,5,2015,40
2915,7,2015,10
2915,5,2016,40
2915,7,2016,10
2916,5,2005,95
2916,7,2005,30
2916,5,2006,100
2916,7,2006,50
2916,7,2007,10
2916,5,2008,120
2916,7,2008,35
2916,5,2009,90
2916,7,2009,20
2916,7,2010,90
2916,5,2011,80
2916,7,2011,90
2916,5,2012,75
2916,7,2012,37
2916,5,2013,65
2916,7,2013,55
2916,5,2015,30
2916,7,2015,10
2916,5,2016,28
2916,7,2016,50
2917,5,2005,35
2917,5,2006,45
2917,5,2007,40
2917,7,2007,20
2917,5,2008,180
2917,7,2008,35
2917,5,2009,95
2917,7,2009,35
2917,5,2011,151
2917,7,2011,30
2917,5,2012,75
2917,7,2012,110
2917,5,2013,60
2917,7,2013,35
2917,5,2015,110
2917,7,2015,25
2917,5,2016,46
2917,7,2016,25
2918,5,2005,27
2918,7,2005,20
2918,5,2006,30
2918,5,2007,150
2918,7,2007,20
2918,5,2008,110
2918,7,2008,25
2918,5,2009,120
2918,7,2009,20
2918,7,2010,30
2918,5,2011,40
2918,7,2011,35
2918,5,2012,50
2918,7,2012,22
2918,5,2013,50
2918,7,2013,20
2918,5,2014,45
2918,7,2014,25
2918,5,2015,40
2918,7,2015,10
2918,5,2016,25
2918,7,2016,10
2919,5,2005,60
2919,7,2005,45
2919,5,2006,20
2919,5,2007,100
2919,7,2007,30
2919,5,2008,80
2919,7,2008,20
2919,5,2009,180
2919,7,2009,50
2919,5,2011,151
2919,7,2011,60
2919,5,2012,72
2919,7,2012,30
2919,5,2013,110
2919,7,2013,25
2919,5,2014,45
2919,7,2014,30
2919,5,2015,100
2919,7,2015,15
2919,5,2016,30
2919,7,2016,15
2920,7,2005,25
2920,5,2006,35
2920,5,2007,100
2920,5,2009,110
2920,7,2009,20
2920,7,2010,130
2920,5,2011,30
2920,7,2011,20
2920,5,2012,120
2920,7,2012,50
2920,5,2013,40
2920,7,2013,15
2920,5,2014,50
2920,7,2014,20
2920,5,2015,120
2920,7,2015,15
2920,5,2016,45
2920,7,2016,50
2921,5,2005,35
2921,7,2005,20
2921,5,2006,25
2921,7,2006,20
2921,5,2007,20
2921,7,2007,15
2921,5,2008,160
2921,7,2008,20
2921,5,2009,25
2921,7,2009,30
2921,5,2011,30
2921,7,2011,20
2921,5,2012,60
2921,7,2012,18
2921,5,2013,30
2921,7,2013,15
2921,5,2014,105
2921,7,2014,40
2921,5,2015,80
2921,7,2015,15
2921,5,2016,28
2921,7,2016,30
2922,5,2005,28
2922,7,2005,20
2922,5,2006,80
2922,7,2006,20
2922,5,2007,22
2922,7,2007,20
2922,5,2008,80
2922,7,2008,20
2922,5,2009,60
2922,7,2009,20
2922,7,2010,30
2922,5,2011,20
2922,7,2011,20
2922,5,2012,82
2922,7,2012,65
2922,5,2013,105
2922,7,2013,20
2922,5,2014,100
2922,7,2014,35
2922,5,2015,90
2922,7,2015,15
2922,5,2016,54
2922,7,2016,25
2923,5,2006,60
2923,5,2007,160
2923,7,2007,20
2923,5,2008,160
2923,5,2009,50
2923,7,2009,30
2923,5,2011,30
2923,7,2011,20
2923,5,2012,28
2923,7,2012,18
2923,5,2013,35
2923,7,2013,35
2923,5,2015,35
2923,7,2015,20
2923,5,2016,117
2923,7,2016,45
2924,5,2005,40
2924,7,2005,10
2924,5,2006,120
2924,5,2007,85
2924,7,2007,20
2924,5,2008,160
2924,7,2008,25
2924,5,2009,70
2924,7,2010,22
2924,5,2011,70
2924,7,2011,28
2924,5,2012,100
2924,7,2012,12
2924,5,2013,110
2924,7,2013,35
2924,5,2014,18
2924,7,2014,10
2924,5,2015,40
2924,7,2015,15
2924,5,2016,22
2924,7,2016,40
2925,5,2005,150
2925,5,2007,40
2925,7,2007,20
2925,7,2016,25
3002,7,2006,20
3002,5,2007,40
3002,7,2007,22
3002,5,2008,40
3002,7,2008,35
3002,5,2009,28
3002,7,2009,20
3002,7,2010,20
3002,5,2011,40
3002,7,2011,25
3002,5,2012,45
3002,7,2012,20
3002,5,2013,85
3002,7,2013,20
3002,5,2014,45
3002,7,2014,40
3002,5,2015,80
3002,7,2015,20
3002,5,2016,50
3002,7,2016,20
3003,5,2005,100
3003,7,2005,20
3003,7,2006,17
3003,5,2007,20
3003,7,2007,10
3003,5,2008,70
3003,5,2009,35
3003,7,2009,18
3003,7,2010,20
3003,5,2011,50
3003,7,2011,30
3003,5,2012,45
3003,7,2012,28
3003,5,2013,25
3003,7,2013,30
3003,5,2014,25
3003,7,2014,25
3003,5,2015,20
3003,7,2015,20
3003,7,2016,33
3005,7,2005,110
3005,7,2006,30
3005,5,2007,80
3005,7,2007,30
3005,5,2008,200
3005,7,2008,40
3005,5,2009,160
3005,7,2009,25
3005,7,2010,35
3005,5,2011,30
3005,7,2011,25
3005,5,2012,30
3005,7,2012,65
3005,5,2013,115
3005,7,2013,130
3005,5,2014,60
3005,7,2014,40
3005,5,2015,230
3005,7,2015,35
3005,5,2016,200
3005,7,2016,43
3006,7,2005,110
3006,7,2006,35
3006,5,2007,50
3006,7,2007,30
3006,5,2008,80
3006,7,2008,80
3006,5,2009,150
3006,7,2009,50
3006,7,2010,70
3006,5,2011,151
3006,7,2011,50
3006,5,2012,40
3006,7,2012,65
3006,5,2013,110
3006,7,2013,100
3006,5,2014,120
3006,7,2014,40
3006,5,2015,130
3006,7,2015,45
3006,5,2016,230
3006,7,2016,38
3007,7,2005,95
3007,7,2006,52
3007,5,2007,40
3007,7,2007,20
3007,5,2008,60
3007,7,2008,45
3007,5,2009,150
3007,7,2009,40
3007,7,2010,35
3007,5,2011,151
3007,7,2011,45
3007,5,2012,90
3007,7,2012,60
3007,5,2013,90
3007,7,2013,50
3007,5,2014,151
3007,7,2014,50
3007,5,2015,190
3007,7,2015,50
3007,5,2016,200
3007,7,2016,60
3008,7,2005,25
3008,7,2006,70
3008,5,2007,120
3008,7,2007,15
3008,5,2008,150
3008,7,2008,70
3008,7,2009,45
3008,7,2010,28
3008,5,2011,30
3008,7,2011,20
3008,5,2012,65
3008,7,2012,30
3008,5,2013,100
3008,7,2013,25
3008,5,2014,45
3008,7,2014,20
3008,5,2015,55
3008,7,2015,25
3008,5,2016,82
3008,7,2016,50
3016,7,2005,20
3016,5,2007,28
3016,7,2007,30
3016,5,2008,80
3016,7,2008,20
3016,5,2009,150
3016,7,2009,15
3016,5,2010,80
3016,7,2010,30
3016,5,2011,30
3016,7,2011,20
3016,5,2012,20
3016,7,2012,18
3016,5,2013,30
3016,7,2013,20
3016,5,2014,55
3016,7,2014,20
3016,5,2015,55
3016,7,2015,15
3016,5,2016,40
3016,7,2016,25
3017,7,2005,15
3017,7,2006,15
3017,5,2007,30
3017,7,2007,35
3017,5,2008,110
3017,7,2008,20
3017,5,2009,15
3017,7,2009,50
3017,7,2010,70
3017,5,2011,30
3017,7,2011,17
3017,5,2012,70
3017,7,2012,30
3017,5,2013,25
3017,7,2013,20
3017,5,2014,60
3017,7,2014,48
3017,5,2015,30
3017,7,2015,10
3017,5,2016,90
3017,7,2016,90
3018,7,2005,30
3018,7,2006,50
3018,5,2007,28
3018,7,2007,10
3018,7,2008,35
3018,5,2009,90
3018,7,2009,15
3018,5,2011,90
3018,7,2011,30
3018,5,2012,45
3018,7,2012,28
3018,5,2013,85
3018,7,2013,25
3018,5,2014,151
3018,7,2014,151
3018,5,2015,85
3018,7,2015,65
3018,5,2016,48
3035,5,2006,20
3035,5,2007,20
3035,7,2007,15
3035,7,2008,20
3035,7,2009,30
3035,5,2010,90
3035,7,2010,30
3035,5,2011,40
3035,7,2011,20
3035,5,2012,45
3035,7,2012,40
3035,5,2013,120
3035,7,2013,70
3035,5,2014,50
3035,7,2014,25
3035,5,2015,200
3035,7,2015,35
3035,5,2016,50
3035,7,2016,30
3036,7,2005,25
3036,5,2006,40
3036,5,2007,20
3036,7,2007,17
3036,5,2008,30
3036,7,2008,60
3036,5,2009,45
3036,7,2009,65
3036,5,2010,90
3036,7,2010,35
3036,5,2016,67
3036,7,2016,45
3103,5,2005,85
3103,7,2005,25
3103,5,2006,50
3103,7,2006,25
3103,5,2007,30
3103,7,2007,10
3103,5,2008,40
3103,7,2008,30
3103,5,2009,40
3103,7,2009,60
3103,5,2010,90
3103,7,2010,20
3103,5,2011,50
3103,7,2011,35
3103,5,2012,100
3103,7,2012,45
3103,5,2013,50
3103,7,2013,30
3103,5,2014,32
3103,7,2014,28
3103,5,2015,67
3103,7,2015,20
3103,5,2016,110
3104,5,2005,180
3104,7,2005,25
3104,5,2006,35
3104,7,2006,10
3104,5,2007,50
3104,7,2007,5
3104,5,2008,85
3104,7,2008,30
3104,5,2009,130
3104,7,2009,50
3104,5,2010,70
3104,7,2010,20
3104,5,2011,45
3104,7,2011,25
3104,5,2013,60
3104,7,2013,42
3104,5,2014,120
3104,7,2014,13
3104,5,2015,110
3104,7,2015,10
3104,5,2016,42
3104,7,2016,17
3105,5,2005,180
3105,7,2005,20
3105,5,2006,25
3105,7,2006,20
3105,5,2007,30
3105,7,2007,20
3105,5,2008,140
3105,7,2008,40
3105,5,2009,50
3105,7,2009,45
3105,5,2010,65
3105,7,2010,40
3105,5,2011,35
3105,7,2011,30
3105,5,2012,151
3105,7,2012,15
3105,5,2013,151
3105,7,2013,3
3105,5,2014,50
3105,7,2014,20
3105,5,2015,64
3105,7,2015,22
3105,5,2016,60
3105,7,2016,26
3106,5,2005,20
3106,7,2005,10
3106,5,2006,40
3106,7,2006,20
3106,5,2007,20
3106,7,2007,15
3106,5,2008,40
3106,7,2008,25
3106,5,2009,190
3106,7,2009,40
3106,5,2010,40
3106,7,2010,20
3106,5,2011,35
3106,7,2011,25
3106,5,2012,30
3106,7,2012,20
3106,5,2013,50
3106,7,2013,30
3106,5,2014,30
3106,7,2014,18
3106,5,2015,35
3106,7,2015,15
3106,5,2016,79
3106,7,2016,26
3107,5,2005,160
3107,7,2005,15
3107,5,2006,120
3107,7,2006,30
3107,7,2007,20
3107,7,2008,25
3107,5,2009,30
3107,7,2009,70
3107,7,2010,70
3107,5,2011,50
3107,7,2011,30
3107,5,2012,151
3107,7,2012,25
3107,5,2013,15
3107,7,2013,20
3107,5,2014,25
3107,7,2014,15
3107,5,2015,40
3107,7,2015,15
3107,7,2016,20
3108,5,2007,45
3108,5,2008,80
3108,5,2012,151
3108,7,2012,30
3108,5,2013,80
3108,7,2013,32
3108,5,2014,55
3108,7,2014,90
3108,5,2015,100
3108,7,2015,70
3108,5,2016,22
3108,7,2016,40
3109,5,2005,20
3109,7,2005,20
3109,7,2006,20
3109,5,2007,80
3109,7,2007,10
3109,5,2008,30
3109,7,2008,20
3109,7,2009,20
3109,5,2010,40
3109,7,2010,10
3109,5,2011,151
3109,7,2011,15
3109,5,2012,15
3109,7,2012,15
3109,5,2013,151
3109,7,2013,40
3109,5,2014,40
3109,7,2014,20
3109,5,2015,30
3109,7,2015,35
3109,5,2016,35
3109,7,2016,25
3110,5,2005,60
3110,7,2005,20
3110,5,2006,50
3110,7,2006,45
3110,5,2007,200
3110,7,2007,10
3110,7,2008,30
3110,5,2009,70
3110,7,2009,60
3110,5,2010,180
3110,7,2010,45
3110,5,2011,36
3110,7,2011,45
3110,5,2012,60
3110,7,2012,40
3110,5,2013,80
3110,7,2013,40
3110,5,2014,75
3110,5,2015,155
3110,7,2015,45
3110,5,2016,150
3110,7,2016,28
3111,5,2005,60
3111,7,2005,15
3111,5,2006,60
3111,7,2006,30
3111,5,2007,80
3111,7,2007,10
3111,7,2008,70
3111,5,2009,60
3111,7,2009,60
3111,5,2010,80
3111,7,2010,60
3111,5,2011,50
3111,7,2011,30
3111,5,2012,60
3111,7,2012,40
3111,5,2013,151
3111,7,2013,48
3111,5,2014,40
3111,7,2014,42
3111,5,2015,100
3111,7,2015,38
3111,5,2016,150
3111,7,2016,30
3112,5,2005,60
3112,7,2005,20
3112,5,2006,60
3112,7,2006,20
3112,5,2007,60
3112,7,2007,10
3112,7,2008,35
3112,5,2009,60
3112,7,2009,30
3112,5,2010,80
3112,7,2010,35
3112,5,2011,90
3112,7,2011,25
3112,5,2012,151
3112,7,2012,60
3112,5,2013,151
3112,7,2013,35
3112,5,2014,50
3112,7,2014,70
3112,5,2015,130
3112,7,2015,200
3112,5,2016,150
3112,7,2016,21
3113,5,2005,60
3113,7,2005,20
3113,7,2006,20
3113,5,2007,125
3113,7,2007,20
3113,7,2008,40
3113,5,2009,90
3113,7,2009,110
3113,5,2010,140
3113,7,2010,50
3113,5,2011,90
3113,7,2011,25
3113,5,2012,70
3113,7,2012,70
3113,5,2013,50
3113,7,2013,80
3113,5,2014,100
3113,7,2014,151
3113,5,2015,120
3113,7,2015,32
3113,7,2016,45
3114,5,2005,50
3114,7,2005,10
3114,5,2006,80
3114,7,2006,25
3114,5,2007,45
3114,7,2007,10
3114,5,2008,50
3114,7,2008,50
3114,5,2009,70
3114,7,2009,40
3114,5,2010,100
3114,7,2010,10
3114,5,2011,85
3114,7,2011,30
3114,5,2012,70
3114,7,2012,35
3114,5,2013,40
3114,7,2013,25
3114,5,2014,70
3114,7,2014,38
3114,5,2015,60
3114,7,2015,27
3114,5,2016,110
3114,7,2016,15
3115,5,2005,60
3115,7,2005,20
3115,5,2006,45
3115,7,2006,20
3115,7,2007,10
3115,7,2008,30
3115,5,2009,20
3115,7,2009,25
3115,5,2010,30
3115,7,2010,30
3115,5,2011,15
3115,7,2011,30
3115,5,2012,80
3115,7,2012,50
3115,5,2013,80
3115,7,2013,20
3115,5,2014,20
3115,7,2014,20
3115,5,2015,30
3115,7,2015,25
3115,7,2016,16
3116,5,2005,40
3116,7,2005,30
3116,5,2006,80
3116,7,2006,40
3116,5,2007,80
3116,7,2007,10
3116,7,2008,30
3116,5,2009,110
3116,7,2009,55
3116,5,2010,60
3116,7,2010,15
3116,5,2011,100
3116,7,2011,20
3116,5,2012,80
3116,7,2012,20
3116,5,2013,151
3116,7,2013,45
3116,7,2014,22
3116,5,2015,110
3116,7,2015,17
3116,5,2016,16
3117,7,2005,10
3117,5,2006,20
3117,7,2006,20
3117,5,2007,40
3117,7,2007,10
3117,7,2008,35
3117,7,2009,30
3117,5,2010,85
3117,7,2010,15
3117,5,2011,60
3117,7,2011,120
3117,5,2012,10
3117,7,2012,25
3117,5,2013,151
3117,7,2013,20
3117,5,2014,25
3117,7,2014,20
3117,5,2015,100
3117,7,2015,53
3117,5,2016,60
3117,7,2016,17
3118,7,2005,10
3118,5,2006,20
3118,7,2006,20
3118,7,2007,10
3118,5,2008,140
3118,7,2008,25
3118,5,2009,60
3118,5,2010,45
3118,7,2010,30
3118,5,2011,60
3118,7,2011,20
3118,5,2012,30
3118,7,2012,40
3118,5,2013,151
3118,7,2013,25
3118,7,2014,25
3118,5,2015,20
3118,7,2015,15
3118,5,2016,72
3118,7,2016,22
3119,5,2005,15
3119,7,2005,10
3119,5,2006,20
3119,5,2007,20
3119,7,2007,10
3119,7,2008,30
3119,5,2009,30
3119,7,2009,20
3119,7,2010,60
3119,5,2011,80
3119,7,2011,20
3119,5,2012,35
3119,7,2012,25
3119,5,2013,20
3119,7,2013,20
3119,5,2014,75
3119,7,2014,25
3119,5,2015,70
3119,7,2015,20
3119,5,2016,50
3119,7,2016,17
3120,5,2005,40
3120,7,2005,10
3120,5,2006,90
3120,7,2006,30
3120,5,2007,40
3120,7,2007,10
3120,5,2008,110
3120,7,2008,30
3120,5,2009,140
3120,5,2010,20
3120,7,2010,20
3120,5,2011,100
3120,7,2011,20
3120,5,2012,50
3120,7,2012,20
3120,5,2013,35
3120,7,2013,25
3120,7,2014,28
3120,5,2015,40
3120,7,2015,20
3120,5,2016,35
3120,7,2016,20
3121,5,2008,25
3121,7,2008,30
3121,7,2009,70
3121,5,2010,25
3121,7,2010,15
3121,5,2011,75
3121,7,2011,30
3121,5,2012,25
3121,7,2012,35
3121,5,2013,80
3121,7,2013,25
3121,7,2014,28
3121,5,2015,70
3121,7,2015,25
3121,7,2016,20
3125,5,2005,40
3125,7,2005,15
3125,5,2006,100
3125,7,2006,20
3125,5,2007,70
3125,7,2007,20
3125,5,2008,100
3125,7,2008,20
3125,5,2009,150
3125,7,2009,30
3125,5,2010,50
3125,7,2010,10
3125,5,2011,75
3125,7,2011,20
3125,5,2012,151
3125,7,2012,40
3125,5,2013,151
3125,7,2013,25
3125,5,2014,120
3125,7,2014,120
3125,5,2015,130
3125,7,2015,100
3125,5,2016,120
3125,7,2016,20
3131,5,2005,95
3131,5,2006,65
3131,7,2006,55
3131,5,2007,32
3131,7,2008,30
3131,5,2009,60
3131,5,2010,70
3131,7,2010,40
3131,5,2011,24
3131,7,2011,25
3131,5,2012,60
3131,7,2012,30
3131,5,2013,80
3131,7,2013,40
3131,7,2014,30
3131,5,2015,20
3131,7,2015,8
3131,5,2016,140
3131,7,2016,30
3132,5,2005,100
3132,5,2006,60
3132,5,2007,90
3132,7,2008,35
3132,5,2009,55
3132,5,2010,30
3132,7,2010,50
3132,5,2011,24
3132,7,2011,50
3132,5,2012,110
3132,7,2012,30
3132,5,2013,100
3132,7,2013,45
3132,7,2014,30
3132,5,2015,128
3132,7,2015,22
3132,5,2016,40
3132,7,2016,21
3133,5,2005,180
3133,5,2006,130
3133,5,2007,60
3133,7,2008,45
3133,5,2009,50
3133,7,2009,50
3133,5,2010,100
3133,7,2010,80
3133,5,2011,24
3133,7,2011,50
3133,5,2012,151
3133,7,2012,80
3133,5,2013,30
3133,7,2013,25
3133,7,2014,25
3133,5,2015,50
3133,7,2015,20
3133,5,2016,105
3133,7,2016,30
3134,5,2005,160
3134,7,2005,100
3134,5,2006,70
3134,7,2006,70
3134,5,2007,60
3134,7,2008,50
3134,5,2009,120
3134,5,2010,150
3134,7,2010,90
3134,5,2011,24
3134,7,2011,20
3134,5,2012,30
3134,7,2012,35
3134,5,2013,20
3134,7,2013,15
3134,7,2014,40
3134,5,2015,110
3134,7,2015,100
3134,5,2016,100
3134,7,2016,35
3135,5,2005,100
3135,5,2007,165
3135,7,2008,50
3135,5,2009,90
3135,7,2009,50
3135,5,2010,200
3135,7,2010,70
3135,5,2011,24
3135,7,2011,50
3135,5,2012,70
3135,7,2012,75
3135,5,2013,65
3135,7,2013,20
3135,7,2014,35
3135,5,2015,60
3135,7,2015,20
3135,5,2016,20
3135,7,2016,30
3136,5,2005,18
3136,5,2006,35
3136,7,2006,20
3136,5,2007,30
3136,7,2008,45
3136,5,2009,35
3136,7,2009,30
3136,5,2010,190
3136,7,2010,40
3136,5,2011,24
3136,7,2011,20
3136,5,2012,80
3136,7,2012,20
3136,5,2013,25
3136,7,2013,8
3136,7,2014,15
3136,5,2015,30
3136,7,2015,10
3136,5,2016,130
3136,7,2016,25
3137,7,2008,40
3137,5,2009,30
3137,7,2009,25
3137,5,2010,35
3137,7,2010,20
3137,5,2016,140
3137,7,2016,50
3204,7,2005,80
3204,5,2006,60
3204,7,2008,45
3204,5,2009,30
3204,7,2009,20
3204,5,2010,30
3204,7,2010,25
3204,5,2016,70
3204,7,2016,80
3205,5,2005,85
3205,7,2005,45
3205,5,2006,55
3205,7,2006,40
3205,5,2007,50
3205,7,2007,50
3205,5,2008,105
3205,5,2009,30
3205,7,2009,20
3205,5,2010,80
3205,7,2010,20
3205,5,2011,50
3205,7,2011,30
3205,5,2012,110
3205,7,2012,30
3205,5,2013,80
3205,7,2013,50
3205,5,2014,70
3205,7,2014,15
3205,5,2015,90
3205,7,2015,40
3205,5,2016,45
3205,7,2016,20
3206,5,2005,60
3206,7,2005,20
3206,5,2006,60
3206,7,2006,30
3206,5,2007,40
3206,7,2007,18
3206,5,2008,50
3206,7,2008,40
3206,5,2009,15
3206,7,2009,20
3206,5,2010,100
3206,7,2010,65
3206,5,2011,25
3206,7,2011,25
3206,5,2012,90
3206,7,2012,55
3206,5,2013,25
3206,7,2013,20
3206,5,2014,45
3206,7,2014,25
3206,5,2015,52
3206,7,2015,15
3206,5,2016,50
3206,7,2016,18
3208,5,2005,30
3208,7,2005,22
3208,5,2006,80
3208,5,2007,50
3208,5,2008,30
3208,7,2008,25
3208,5,2009,20
3208,7,2009,20
3208,5,2010,30
3208,7,2010,30
3208,5,2011,30
3208,7,2011,15
3208,5,2012,40
3208,7,2012,30
3208,5,2013,25
3208,7,2013,25
3208,5,2014,45
3208,7,2014,40
3208,5,2015,40
3208,7,2015,15
3208,5,2016,135
3208,7,2016,10
3209,5,2005,60
3209,7,2005,22
3209,5,2006,25
3209,7,2006,10
3209,5,2007,10
3209,7,2007,5
3209,5,2008,35
3209,7,2008,20
3209,5,2009,35
3209,5,2010,90
3209,7,2010,35
3209,5,2011,30
3209,7,2011,25
3209,5,2012,100
3209,7,2012,30
3209,5,2013,30
3209,7,2013,20
3209,5,2014,50
3209,7,2014,25
3209,5,2015,35
3209,7,2015,20
3209,5,2016,132
3209,7,2016,22
3210,5,2005,100
3210,7,2005,18
3210,5,2006,25
3210,7,2006,20
3210,5,2007,30
3210,7,2007,15
3210,5,2008,15
3210,7,2008,8
3210,5,2009,30
3210,7,2009,15
3210,7,2010,40
3210,5,2011,30
3210,7,2011,20
3210,5,2012,80
3210,7,2012,30
3210,5,2013,30
3210,7,2013,20
3210,5,2014,151
3210,7,2014,40
3210,5,2015,27
3210,7,2015,25
3210,5,2016,150
3210,7,2016,30
3211,5,2005,25
3211,7,2005,20
3211,5,2006,90
3211,7,2006,40
3211,5,2007,15
3211,7,2007,10
3211,5,2008,40
3211,7,2008,25
3211,5,2009,15
3211,7,2009,20
3211,7,2010,30
3211,5,2011,20
3211,7,2011,15
3211,5,2012,55
3211,7,2012,20
3211,5,2013,15
3211,7,2013,20
3211,5,2014,55
3211,7,2014,20
3211,5,2015,35
3211,7,2015,20
3211,5,2016,30
3211,7,2016,18
3212,5,2007,70
3212,7,2007,25
3212,5,2008,35
3212,5,2009,45
3212,7,2009,20
3212,5,2010,20
3212,7,2010,20
3212,5,2011,90
3212,7,2011,25
3212,5,2012,20
3212,7,2012,20
3212,5,2013,30
3212,7,2013,20
3212,5,2014,30
3212,7,2014,20
3212,5,2015,30
3212,7,2015,15
3212,5,2016,30
3212,7,2016,27
3213,5,2007,40
3213,7,2007,28
3213,5,2008,25
3213,5,2009,110
3213,7,2009,65
3213,5,2010,25
3213,7,2010,25
3213,5,2011,120
3213,7,2011,80
3213,5,2012,30
3213,7,2012,25
3213,5,2013,70
3213,7,2013,25
3213,5,2014,65
3213,7,2014,55
3213,5,2015,90
3213,7,2015,35
3213,5,2016,20
3213,7,2016,15
3217,5,2005,90
3217,7,2005,32
3217,7,2006,20
3217,5,2007,50
3217,7,2007,18
3217,5,2008,25
3217,7,2008,25
3217,5,2009,70
3217,5,2010,20
3217,7,2010,15
3217,5,2011,60
3217,7,2011,20
3217,5,2012,32
3217,7,2012,20
3217,5,2013,70
3217,7,2013,20
3217,5,2014,35
3217,7,2014,30
3217,5,2015,120
3217,7,2015,12
3217,5,2016,20
3217,7,2016,20
3301,5,2006,35
3301,5,2007,25
3301,7,2007,45
3301,5,2008,40
3301,7,2008,30
3301,5,2009,100
3301,7,2009,50
3301,5,2010,75
3301,7,2010,25
3301,5,2011,50
3301,7,2011,35
3301,5,2012,40
3301,7,2012,40
3301,5,2013,40
3301,7,2013,65
3301,5,2014,130
3301,7,2014,15
3301,5,2015,70
3301,7,2015,20
3301,5,2016,30
3301,7,2016,30
3302,5,2005,120
3302,5,2006,80
3302,7,2007,15
3302,5,2008,40
3302,7,2008,60
3302,5,2009,30
3302,7,2009,70
3302,5,2010,110
3302,7,2010,70
3302,5,2011,70
3302,7,2011,50
3302,5,2012,90
3302,7,2012,30
3302,5,2013,60
3302,7,2013,50
3302,5,2014,45
3302,7,2014,30
3302,5,2015,70
3302,7,2015,40
3302,5,2016,52
3302,7,2016,40
3303,5,2006,40
3303,5,2007,20
3303,7,2007,10
3303,5,2008,30
3303,7,2008,40
3303,5,2009,40
3303,7,2009,50
3303,5,2010,70
3303,7,2010,50
3303,5,2011,151
3303,7,2011,80
3303,5,2012,90
3303,7,2012,20
3303,5,2013,151
3303,7,2013,40
3303,5,2014,65
3303,7,2014,25
3303,5,2015,30
3303,7,2015,18
3303,5,2016,100
3303,7,2016,30
3304,7,2005,150
3304,5,2006,150
3304,5,2007,80
3304,7,2007,25
3304,7,2008,60
3304,5,2009,70
3304,7,2009,70
3304,5,2010,100
3304,7,2010,100
3304,5,2011,151
3304,7,2011,151
3304,5,2012,80
3304,7,2012,60
3304,5,2013,70
3304,7,2013,65
3304,5,2014,80
3304,7,2014,70
3304,5,2015,150
3304,7,2015,60
3304,5,2016,66
3304,7,2016,70
3305,5,2006,90
3305,5,2007,50
3305,7,2007,40
3305,5,2008,80
3305,7,2008,40
3305,5,2009,45
3305,7,2009,50
3305,5,2010,130
3305,5,2011,151
3305,7,2011,110
3305,5,2012,40
3305,7,2012,40
3305,5,2013,80
3305,7,2013,50
3305,5,2014,151
3305,7,2014,110
3305,5,2015,77
3305,7,2015,68
3305,7,2016,60
3306,7,2005,40
3306,5,2006,90
3306,5,2007,150
3306,7,2007,25
3306,5,2008,60
3306,7,2008,40
3306,5,2009,220
3306,5,2010,60
3306,7,2010,70
3306,5,2011,90
3306,7,2011,55
3306,5,2012,40
3306,7,2012,40
3306,5,2013,50
3306,7,2013,40
3306,5,2014,151
3306,7,2014,25
3306,5,2015,50
3306,7,2015,30
3306,7,2016,50
3307,7,2005,20
3307,5,2006,35
3307,5,2007,35
3307,7,2007,10
3307,5,2008,20
3307,7,2008,35
3307,5,2009,50
3307,7,2009,30
3307,5,2010,100
3307,7,2010,40
3307,5,2011,40
3307,7,2011,20
3307,5,2012,80
3307,7,2012,40
3307,5,2013,40
3307,7,2013,35
3307,5,2014,60
3307,7,2014,30
3307,5,2015,80
3307,7,2015,20
3307,5,2016,30
3307,7,2016,35
3308,7,2005,55
3308,5,2006,70
3308,7,2007,20
3308,5,2008,45
3308,7,2008,55
3308,5,2009,30
3308,7,2009,100
3308,5,2010,110
3308,7,2010,90
3308,5,2011,80
3308,7,2011,60
3308,5,2012,60
3308,7,2012,40
3308,5,2013,100
3308,7,2013,65
3308,5,2014,70
3308,7,2014,40
3308,5,2015,60
3308,7,2015,38
3308,5,2016,72
3308,7,2016,65
3309,7,2005,20
3309,5,2007,50
3309,7,2007,40
3309,5,2008,10
3309,7,2008,40
3309,5,2009,60
3309,7,2009,40
3309,5,2010,50
3309,7,2010,35
3309,5,2011,40
3309,7,2011,25
3309,5,2012,25
3309,7,2012,35
3309,5,2013,25
3309,7,2013,30
3309,5,2014,20
3309,7,2014,25
3309,5,2015,50
3309,7,2015,20
3309,5,2016,52
3309,7,2016,40
3310,7,2005,25
3310,5,2007,25
3310,7,2007,40
3310,5,2008,25
3310,7,2008,50
3310,5,2009,50
3310,7,2009,70
3310,5,2010,65
3310,7,2010,2
3310,5,2011,40
3310,7,2011,25
3310,5,2012,35
3310,7,2012,10
3310,5,2013,20
3310,7,2013,40
3310,7,2014,30
3310,5,2015,40
3310,7,2015,20
3310,5,2016,74
3310,7,2016,35
3311,7,2005,25
3311,7,2007,20
3311,5,2008,30
3311,7,2008,40
3311,5,2009,40
3311,7,2009,50
3311,5,2010,35
3311,7,2010,30
3311,5,2011,35
3311,7,2011,30
3311,5,2012,35
3311,7,2012,20
3311,5,2013,30
3311,7,2013,40
3311,7,2014,32
3311,5,2015,38
3311,7,2015,20
3311,5,2016,40
3311,7,2016,35
3312,7,2005,25
3312,5,2007,80
3312,7,2007,30
3312,5,2008,25
3312,7,2008,40
3312,5,2009,35
3312,7,2009,50
3312,5,2010,50
3312,7,2010,40
3312,5,2011,40
3312,7,2011,100
3312,5,2012,35
3312,7,2012,20
3312,5,2013,151
3312,7,2013,75
3312,7,2014,35
3312,5,2015,35
3312,7,2015,20
3312,7,2016,20
3321,7,2005,45
3321,5,2007,60
3321,7,2007,60
3321,7,2008,50
3321,5,2009,80
3321,7,2009,120
3321,5,2010,100
3321,7,2010,55
3321,5,2011,55
3321,7,2011,30
3321,5,2012,70
3321,7,2012,40
3321,5,2013,80
3321,7,2013,42
3321,5,2014,150
3321,7,2014,30
3321,5,2015,100
3321,7,2015,15
3321,5,2016,52
3321,7,2016,40
3322,7,2005,15
3322,5,2007,40
3322,7,2007,15
3322,5,2008,60
3322,7,2008,55
3322,5,2009,30
3322,7,2009,50
3322,5,2010,85
3322,7,2010,40
3322,5,2011,40
3322,7,2011,40
3322,5,2012,80
3322,7,2012,30
3322,5,2013,80
3322,7,2013,25
3322,7,2014,20
3322,5,2015,150
3322,7,2015,40
3322,5,2016,54
3322,7,2016,40
3323,7,2005,30
3323,5,2007,30
3323,7,2007,25
3323,5,2008,100
3323,7,2008,50
3323,5,2009,100
3323,7,2009,40
3323,5,2010,100
3323,7,2010,100
3323,5,2016,43
3323,7,2016,20
3324,7,2005,50
3324,7,2007,20
3324,5,2008,90
3324,7,2008,50
3324,5,2009,60
3324,7,2009,60
3324,7,2010,70
3324,5,2011,50
3324,7,2011,60
3324,5,2012,151
3324,7,2012,40
3324,5,2013,70
3324,7,2013,50
3324,5,2014,80
3324,7,2014,70
3324,5,2015,150
3324,7,2015,35
3324,5,2016,72
3324,7,2016,25
3325,5,2005,150
3325,7,2005,40
3325,5,2007,80
3325,7,2007,150
3325,7,2008,50
3325,5,2009,130
3325,7,2009,100
3325,5,2010,80
3325,7,2010,180
3325,5,2011,130
3325,7,2011,75
3325,5,2013,151
3325,7,2013,58
3325,5,2014,35
3325,7,2014,70
3325,5,2015,40
3325,7,2015,40
3325,5,2016,66
3326,5,2005,38
3326,7,2005,40
3326,5,2007,25
3326,7,2007,20
3326,5,2008,45
3326,7,2008,60
3326,5,2009,40
3326,7,2009,60
3326,5,2010,100
3326,7,2010,65
3326,5,2011,100
3326,7,2011,45
3326,5,2012,20
3326,7,2012,40
3326,5,2013,151
3326,7,2013,50
3326,5,2014,35
3326,7,2014,35
3326,5,2015,155
3326,7,2015,35
3326,5,2016,25
3330,7,2005,40
3330,5,2007,60
3330,7,2007,20
3330,5,2008,35
3330,7,2008,30
3330,5,2009,200
3330,5,2010,60
3330,7,2010,40
3330,5,2011,40
3330,7,2011,20
3330,5,2012,45
3330,7,2012,20
3330,5,2013,50
3330,7,2013,30
3330,5,2014,35
3330,7,2014,30
3330,5,2015,40
3330,7,2015,25
3330,5,2016,60
3330,7,2016,40
3351,5,2005,20
3351,7,2005,100
3351,7,2006,15
3351,7,2007,20
3351,5,2008,30
3351,7,2008,10
3351,5,2009,20
3351,7,2009,30
3351,7,2010,30
3351,5,2011,20
3351,7,2011,25
3351,5,2012,40
3351,7,2012,25
3351,5,2013,20
3351,7,2013,35
3351,5,2014,15
3351,7,2014,20
3351,5,2015,30
3351,7,2015,22
3351,7,2016,20
3352,5,2005,50
3352,7,2005,20
3352,5,2006,20
3352,7,2006,20
3352,7,2007,10
3352,5,2008,120
3352,7,2008,40
3352,7,2009,20
3352,7,2010,30
3352,5,2011,80
3352,7,2011,65
3352,5,2012,30
3352,7,2012,25
3352,5,2013,30
3352,7,2013,25
3352,5,2014,151
3352,7,2014,40
3352,5,2015,85
3352,7,2015,30
3352,7,2016,20
3353,5,2005,30
3353,7,2005,20
3353,5,2006,20
3353,7,2006,15
3353,7,2007,10
3353,5,2008,35
3353,7,2008,20
3353,5,2009,20
3353,7,2009,20
3353,7,2010,30
3353,5,2011,20
3353,7,2011,25
3353,5,2012,40
3353,7,2012,25
3353,5,2013,20
3353,7,2013,25
3353,7,2014,20
3353,5,2015,18
3353,7,2015,10
3353,7,2016,20
3354,5,2005,20
3354,7,2005,10
3354,5,2006,50
3354,7,2006,20
3354,7,2007,15
3354,5,2008,60
3354,7,2008,5
3354,5,2009,80
3354,7,2010,20
3354,5,2011,80
3354,7,2011,35
3354,5,2012,40
3354,7,2012,20
3354,5,2013,35
3354,7,2013,22
3354,5,2014,60
3354,7,2014,20
3354,5,2015,75
3354,7,2015,25
3354,5,2016,35
3354,7,2016,15
3355,5,2005,120
3355,7,2005,25
3355,5,2006,20
3355,7,2006,40
3355,7,2007,20
3355,5,2008,150
3355,7,2008,55
3355,5,2009,110
3355,7,2009,90
3355,7,2010,20
3355,5,2011,10
3355,7,2011,25
3355,5,2012,28
3355,7,2012,20
3355,5,2013,20
3355,7,2013,30
3355,5,2014,15
3355,7,2014,20
3355,5,2015,17
3355,7,2015,28
3355,5,2016,45
3355,7,2016,35
3356,7,2016,25
3371,5,2005,75
3371,7,2005,30
3371,5,2006,30
3371,7,2006,20
3371,5,2007,30
3371,7,2007,20
3371,5,2008,40
3371,7,2008,25
3371,7,2009,40
3371,7,2010,55
3371,5,2011,100
3371,7,2011,35
3371,5,2012,60
3371,7,2012,40
3371,5,2013,130
3371,7,2013,40
3371,5,2014,35
3371,7,2014,40
3371,5,2015,90
3371,7,2015,20
3371,5,2016,40
3371,7,2016,45
3372,5,2005,30
3372,7,2005,30
3372,5,2006,100
3372,7,2006,150
3372,5,2007,45
3372,7,2007,30
3372,5,2008,30
3372,5,2009,130
3372,7,2009,35
3372,5,2011,150
3372,7,2011,45
3372,5,2012,80
3372,7,2012,45
3372,5,2013,55
3372,7,2013,10
3372,5,2014,35
3372,7,2014,22
3372,5,2015,70
3372,7,2015,25
3372,5,2016,62
3372,7,2016,40
3373,5,2005,40
3373,7,2005,25
3373,5,2006,20
3373,7,2006,40
3373,5,2007,30
3373,7,2007,20
3373,5,2008,30
3373,5,2009,28
3373,7,2009,30
3373,7,2010,30
3373,5,2011,20
3373,7,2011,30
3373,5,2012,30
3373,7,2012,20
3373,5,2013,20
3373,7,2013,20
3373,5,2014,35
3373,7,2014,12
3373,5,2015,45
3373,7,2015,25
3373,5,2016,30
3373,7,2016,27
3374,5,2005,35
3374,7,2005,20
3374,5,2006,20
3374,5,2007,50
3374,7,2007,20
3374,5,2008,30
3374,7,2008,25
3374,5,2009,30
3374,7,2009,25
3374,7,2010,30
3374,5,2011,151
3374,7,2011,40
3374,5,2012,50
3374,7,2012,30
3374,5,2013,35
3374,7,2013,25
3374,5,2014,80
3374,7,2014,40
3374,5,2015,120
3374,7,2015,25
3374,5,2016,15
3374,7,2016,10
3375,5,2005,25
3375,7,2005,20
3375,7,2006,20
3375,5,2007,20
3375,7,2007,10
3375,5,2008,80
3375,7,2008,10
3375,5,2009,30
3375,7,2009,25
3375,7,2010,30
3375,5,2016,20
3375,7,2016,25
3376,7,2006,50
3376,7,2007,20
3376,7,2016,27
3377,5,2005,25
3377,7,2006,20
3377,5,2007,25
3377,7,2007,22
3377,5,2008,25
3377,5,2009,35
3377,7,2009,35
3377,7,2010,20
3377,5,2016,30
3377,7,2016,27
3378,7,2005,25
3378,7,2006,20
3378,5,2008,40
3378,7,2016,30
3384,7,2005,70
3384,5,2006,40
3384,7,2006,40
3384,5,2007,50
3384,7,2007,10
3384,5,2008,40
3384,7,2009,25
3384,7,2010,30
3384,5,2011,60
3384,7,2011,25
3384,5,2012,20
3384,7,2012,35
3384,5,2013,45
3384,7,2013,45
3384,5,2014,70
3384,7,2014,30
3384,5,2015,20
3384,7,2015,20
3384,7,2016,20
3385,7,2005,30
3385,5,2006,40
3385,7,2006,45
3385,5,2007,70
3385,7,2007,10
3385,5,2008,30
3385,5,2011,20
3385,7,2011,30
3385,5,2012,35
3385,7,2012,25
3385,5,2013,40
3385,7,2013,35
3385,7,2014,20
3385,5,2015,45
3385,7,2015,20
3385,7,2016,20
3386,7,2005,55
3386,5,2006,40
3386,7,2006,30
3386,5,2007,20
3386,7,2007,10
3386,5,2008,55
3386,7,2008,40
3386,5,2009,60
3386,7,2009,30
3386,7,2010,55
3386,5,2011,180
3386,7,2011,40
3386,5,2012,60
3386,7,2012,30
3386,5,2013,80
3386,7,2013,35
3386,5,2014,15
3386,7,2014,18
3386,5,2015,35
3386,7,2015,12
3386,7,2016,38
3401,7,2005,30
3401,5,2007,20
3401,7,2007,10
3401,7,2008,10
3401,5,2009,250
3401,7,2009,25
3401,5,2011,25
3401,7,2011,20
3401,5,2012,40
3401,7,2012,20
3401,5,2013,25
3401,7,2013,10
3401,5,2014,50
3401,5,2015,25
3401,7,2015,6
3421,7,2006,30
3421,5,2007,25
3421,7,2008,10
3421,7,2009,10
3421,5,2016,150
3421,7,2016,25
3422,7,2005,60
3422,5,2007,20
3422,7,2007,40
3422,7,2008,5
3422,5,2009,40
3422,7,2009,25
3422,5,2011,60
3422,7,2011,30
3422,5,2012,50
3422,7,2012,30
3422,5,2013,80
3422,7,2013,45
3422,7,2015,15
3422,5,2016,100
3422,7,2016,25
3423,5,2007,45
3423,7,2007,35
3423,7,2008,10
3423,5,2009,200
3423,7,2009,20
3423,5,2011,30
3423,7,2011,20
3423,7,2014,15
3423,7,2015,30
3423,5,2016,35
3423,7,2016,30
3428,7,2005,30
3428,7,2007,30
3428,5,2009,80
3428,7,2009,35
3428,5,2011,40
3428,7,2011,50
3428,5,2012,151
3428,7,2012,30
3428,5,2013,151
3428,7,2013,55
3428,7,2014,25
3428,7,2015,35
3428,5,2016,25
3428,7,2016,10
3429,5,2007,40
3429,7,2007,25
3429,5,2008,50
3429,7,2008,40
3429,5,2009,65
3429,7,2009,60
3429,5,2016,200
3429,7,2016,40
3432,7,2005,40
3432,5,2007,150
3432,5,2008,20
3432,7,2008,5
3432,5,2009,80
3432,7,2009,5
3432,5,2011,45
3432,7,2011,20
3432,5,2012,151
3432,7,2012,45
3432,5,2013,70
3432,7,2013,100
3432,7,2014,35
3432,7,2015,30
3432,5,2016,250
3433,5,2007,15
3433,5,2008,60
3433,7,2008,60
3433,5,2009,40
3433,7,2009,30
3433,5,2016,15
3433,7,2016,25
3434,5,2007,30
3434,7,2007,30
3434,5,2008,20
3434,7,2008,25
3434,5,2009,200
3434,7,2009,45
3434,5,2011,40
3434,7,2011,30
3434,7,2014,20
3434,7,2015,10
3434,5,2016,200
3434,7,2016,20
3601,7,2005,15
3601,5,2006,15
3601,7,2006,20
3601,5,2007,30
3601,7,2007,20
3601,5,2008,50
3601,7,2008,20
3601,5,2009,28
3601,7,2009,30
3601,5,2010,30
3601,7,2010,25
3601,5,2011,30
3601,7,2011,30
3601,5,2012,25
3601,7,2012,30
3601,5,2013,30
3601,7,2013,28
3601,5,2014,20
3601,7,2014,13
3601,5,2015,42
3601,7,2015,25
3601,5,2016,25
3601,7,2016,20
3602,7,2005,25
3602,5,2006,25
3602,5,2007,55
3602,7,2007,25
3602,5,2008,30
3602,7,2008,20
3602,5,2009,85
3602,7,2009,35
3602,7,2010,45
3602,5,2011,151
3602,7,2011,40
3602,5,2012,151
3602,7,2012,30
3602,5,2013,30
3602,7,2013,25
3602,5,2014,18
3602,7,2014,23
3602,5,2015,50
3602,7,2015,38
3602,5,2016,50
3602,7,2016,25
3603,7,2005,30
3603,5,2006,30
3603,7,2006,35
3603,5,2007,50
3603,7,2007,35
3603,5,2008,35
3603,7,2008,15
3603,7,2009,45
3603,5,2011,151
3603,7,2011,50
3603,5,2012,20
3603,7,2012,20
3603,5,2013,130
3603,7,2013,40
3603,5,2014,30
3603,7,2014,20
3603,5,2015,120
3603,7,2015,25
3603,5,2016,20
3603,7,2016,30
3604,7,2005,35
3604,7,2007,20
3604,5,2008,40
3604,7,2008,50
3604,5,2009,40
3604,7,2009,34
3604,7,2010,35
3604,5,2011,151
3604,7,2011,40
3604,5,2012,130
3604,7,2012,40
3604,5,2013,40
3604,7,2013,65
3604,5,2014,35
3604,7,2014,40
3604,5,2015,90
3604,7,2015,20
3604,5,2016,75
3604,7,2016,32
3605,5,2006,25
3605,5,2007,30
3605,7,2007,20
3605,5,2008,100
3605,7,2008,20
3605,7,2009,30
3605,7,2010,30
3605,5,2011,40
3605,7,2011,30
3605,5,2012,30
3605,7,2012,40
3605,5,2013,30
3605,7,2013,20
3605,5,2014,30
3605,7,2014,20
3605,5,2015,50
3605,7,2015,20
3605,5,2016,120
3605,7,2016,25
3606,5,2007,80
3606,7,2007,20
3606,7,2010,30
3606,5,2011,40
3606,7,2011,20
3606,5,2012,70
3606,7,2012,25
3606,5,2013,80
3606,7,2013,120
3606,5,2014,35
3606,7,2014,20
3606,7,2015,35
3606,5,2016,40
3606,7,2016,20
3607,7,2005,30
3607,5,2006,40
3607,7,2006,20
3607,5,2007,40
3607,7,2007,20
3607,7,2008,35
3607,5,2009,82
3607,7,2009,70
3607,7,2010,30
3607,5,2011,20
3607,7,2011,25
3607,5,2012,20
3607,7,2012,25
3607,5,2013,20
3607,7,2013,20
3607,5,2014,45
3607,7,2014,20
3607,5,2015,25
3607,7,2015,15
3607,5,2016,20
3607,7,2016,20
3608,5,2006,20
3608,5,2007,20
3608,7,2007,20
3608,5,2008,30
3608,7,2008,20
3608,5,2009,30
3608,7,2009,50
3608,7,2010,30
3608,5,2011,80
3608,7,2011,30
3608,5,2012,20
3608,7,2012,25
3608,5,2013,25
3608,7,2013,18
3608,5,2014,70
3608,7,2014,20
3608,5,2015,70
3608,7,2015,15
3608,5,2016,30
3608,7,2016,20
3609,7,2005,40
3609,5,2006,80
3609,7,2006,20
3609,5,2007,60
3609,7,2007,40
3609,5,2008,120
3609,7,2008,20
3609,5,2009,73
3609,7,2009,30
3609,7,2010,30
3609,5,2011,20
3609,7,2011,20
3609,5,2012,50
3609,7,2012,28
3609,5,2013,30
3609,7,2013,20
3609,5,2014,50
3609,7,2014,80
3609,5,2015,85
3609,7,2015,35
3609,5,2016,80
3609,7,2016,20
3611,7,2005,30
3611,7,2007,20
3611,5,2008,60
3611,5,2011,70
3611,7,2011,50
3611,5,2013,110
3611,7,2013,50
3611,5,2014,35
3611,7,2014,20
3611,5,2015,200
3611,7,2015,35
3611,7,2016,25
3613,7,2005,20
3613,5,2006,40
3613,7,2006,18
3613,5,2007,30
3613,7,2007,20
3613,5,2008,20
3613,7,2008,20
3613,7,2009,20
3613,7,2010,25
3613,5,2011,30
3613,7,2011,30
3613,5,2012,30
3613,7,2012,30
3613,5,2013,30
3613,7,2013,20
3613,5,2014,30
3613,7,2014,20
3613,5,2015,35
3613,7,2015,15
3613,5,2016,30
3613,7,2016,20
3615,7,2005,35
3615,7,2007,20
3615,5,2008,120
3615,5,2011,15
3615,7,2011,20
3615,5,2012,80
3615,7,2012,40
3615,5,2013,40
3615,7,2013,40
3615,5,2014,25
3615,7,2014,20
3615,5,2015,200
3615,7,2015,20
3615,7,2016,30
3616,5,2006,40
3616,7,2006,20
3616,5,2007,30
3616,7,2007,20
3616,7,2008,30
3616,7,2009,40
3616,7,2010,30
3616,5,2011,15
3616,7,2011,20
3616,5,2012,35
3616,7,2012,22
3616,5,2013,30
3616,7,2013,30
3616,5,2014,40
3616,7,2014,20
3616,5,2015,30
3616,7,2015,20
3616,5,2016,30
3616,7,2016,20
3617,5,2012,60
3617,7,2012,45
3617,5,2013,60
3617,7,2013,65
3617,5,2014,30
3617,7,2014,20
3617,5,2016,80
3617,7,2016,25
3619,7,2006,70
3619,5,2007,60
3619,7,2007,40
3619,7,2010,30
3619,5,2011,30
3619,7,2011,15
3619,5,2012,20
3619,7,2012,15
3619,5,2013,151
3619,7,2013,151
3619,5,2014,151
3619,7,2014,40
3619,5,2015,120
3619,7,2015,20
3619,5,2016,30
3619,7,2016,20
3627,7,2007,20
3627,7,2008,30
3627,5,2016,50
3627,7,2016,20
3628,7,2007,20
3628,7,2008,30
3628,5,2016,50
3628,7,2016,20
3630,5,2007,30
3630,7,2009,25
3630,5,2016,25
3630,7,2016,20
3631,5,2016,70
3631,7,2016,20
3651,7,2005,70
3651,7,2006,50
3651,7,2007,20
3651,5,2008,150
3651,7,2008,35
3651,5,2009,30
3651,7,2009,25
3651,7,2010,50
3651,5,2011,50
3651,7,2011,30
3651,5,2012,120
3651,7,2012,65
3651,5,2013,60
3651,7,2013,18
3651,5,2014,80
3651,7,2014,35
3651,7,2015,30
3651,7,2016,18
3702,5,2005,30
3702,7,2005,25
3702,5,2007,20
3702,5,2008,30
3702,7,2009,20
3702,7,2010,25
3702,5,2011,20
3702,7,2011,20
3702,5,2012,30
3702,7,2012,30
3702,5,2013,30
3702,7,2013,25
3702,7,2014,20
3702,7,2015,25
3702,5,2016,20
3702,7,2016,27
3703,5,2005,30
3703,7,2005,15
3703,5,2007,40
3703,5,2008,40
3703,7,2009,30
3703,5,2011,50
3703,7,2011,45
3703,5,2012,100
3703,7,2012,50
3703,5,2013,35
3703,7,2013,50
3703,7,2014,30
3703,7,2015,20
3703,5,2016,35
3703,7,2016,25
3704,7,2005,20
3704,5,2008,150
3704,7,2009,30
3704,7,2010,25
3704,5,2011,30
3704,7,2011,25
3704,5,2012,60
3704,7,2012,20
3704,5,2013,90
3704,7,2013,20
3704,7,2014,18
3704,5,2015,80
3704,7,2015,15
3704,5,2016,40
3704,7,2016,30
3705,7,2005,50
3705,7,2006,30
3705,7,2007,150
3705,5,2009,30
3705,5,2011,25
3705,7,2011,30
3705,5,2012,30
3705,7,2012,30
3705,5,2013,35
3705,7,2013,30
3705,7,2014,27
3705,7,2015,30
3705,5,2016,25
3705,7,2016,35
3706,7,2005,40
3706,7,2006,30
3706,5,2008,30
3706,5,2009,25
3706,7,2009,30
3706,5,2011,90
3706,7,2011,40
3706,5,2012,50
3706,7,2012,40
3706,5,2013,85
3706,7,2013,30
3706,7,2014,18
3706,7,2015,30
3706,5,2016,20
3706,7,2016,35
3711,5,2005,150
3711,7,2005,35
3711,5,2007,30
3711,5,2008,50
3711,7,2009,55
3711,5,2011,151
3711,7,2011,120
3711,5,2012,75
3711,7,2012,40
3711,5,2013,30
3711,7,2013,30
3711,7,2014,10
3711,7,2015,40
3711,7,2016,50
3718,5,2011,30
3718,7,2011,25
3718,5,2012,25
3718,7,2012,20
3718,5,2013,20
3718,7,2013,30
3718,7,2014,30
3718,7,2015,25
3718,5,2016,20
3718,7,2016,40
3725,7,2005,17
3725,7,2010,30
3725,5,2011,151
3725,7,2011,140
3725,5,2012,151
3725,7,2012,110
3725,5,2013,25
3725,7,2013,50
3725,7,2014,30
3725,5,2015,25
3725,7,2015,45
3725,5,2016,10
3725,7,2016,70
3726,5,2011,20
3726,7,2011,20
3726,5,2012,60
3726,7,2012,25
3726,5,2013,100
3726,7,2013,20
3726,7,2014,18
3726,5,2015,65
3726,7,2015,15
3726,7,2016,30
3733,7,2005,40
3733,5,2008,190
3733,5,2009,190
3733,7,2009,7
3733,5,2012,45
3733,7,2012,30
3733,5,2013,30
3733,7,2013,35
3733,7,2015,82
3733,5,2016,190
3733,7,2016,190
4003,7,2009,40
4003,7,2010,55
4003,5,2014,50
4003,7,2014,30
4003,5,2015,25
4003,7,2015,47
4003,5,2016,95
4003,7,2016,55
4004,7,2009,40
4004,7,2010,35
4004,5,2014,40
4004,7,2014,15
4004,5,2015,46
4004,7,2015,22
4004,5,2016,80
4004,7,2016,45
4005,7,2008,14
4005,5,2009,45
4005,7,2009,25
4005,7,2010,22
4005,5,2014,20
4005,7,2014,20
4005,5,2015,25
4005,7,2015,22
4005,5,2016,40
4005,7,2016,20
4006,7,2005,25
4006,5,2008,80
4006,7,2008,60
4006,5,2009,40
4006,7,2009,50
4006,5,2014,30
4006,7,2014,20
4006,5,2015,60
4006,7,2015,15
4006,5,2016,40
4006,7,2016,30
4007,7,2005,25
4007,5,2008,90
4007,7,2008,20
4007,5,2009,30
4007,7,2009,25
4007,7,2010,22
4007,7,2014,70
4007,5,2015,100
4007,7,2015,15
4007,5,2016,40
4007,7,2016,35
4008,7,2005,30
4008,5,2008,35
4008,7,2008,20
4008,5,2009,30
4008,7,2009,20
4008,7,2014,20
4008,5,2015,30
4008,7,2015,18
4008,5,2016,20
4008,7,2016,32
4009,7,2005,20
4009,5,2008,40
4009,7,2009,20
4009,7,2010,28
4009,5,2014,30
4009,7,2014,10
4009,5,2015,80
4009,5,2016,32
4009,7,2016,30
4029,5,2008,50
4029,7,2014,30
